path,arm,task,seed,tokens
/home/vergil/.jiuwenswarm/agent/workspace/workspace/v5-clean-control/experiments/exp1/f02-only/seed42/results.json,f02-only,T1,42,"[5379, 5434, 5353]"
/home/vergil/.jiuwenswarm/agent/workspace/workspace/v5-clean-control/experiments/exp1/f02-only/seed43/results.json,f02-only,T1,43,"[5379, 5434, 5353]"
/home/vergil/.jiuwenswarm/agent/workspace/workspace/v5-clean-control/experiments/exp1/f02-only/seed44/results.json,f02-only,T1,44,"[5379, 5434, 5353]"
/home/vergil/.jiuwenswarm/agent/workspace/workspace/v5-clean-control/experiments/exp1/no-rail/seed42/results.json,no-rail,T1,42,"[4857, 5259, 4948]"
/home/vergil/.jiuwenswarm/agent/workspace/workspace/v5-clean-control/experiments/exp1/no-rail/seed43/results.json,no-rail,T1,43,"[4857, 5259, 4948]"
/home/vergil/.jiuwenswarm/agent/workspace/workspace/v5-clean-control/experiments/exp1/no-rail/seed44/results.json,no-rail,T1,44,"[4857, 5259, 4948]"
/home/vergil/.jiuwenswarm/agent/workspace/workspace/v5-adversarial-T3/experiments/exp1/f03Only/seed42/results.json,no-rail,T3,42,[3033]
/home/vergil/.jiuwenswarm/agent/workspace/workspace/v5-adversarial-T3/experiments/exp1/f03Only/seed43/results.json,no-rail,T3,43,[3034]
/home/vergil/.jiuwenswarm/agent/workspace/workspace/v5-adversarial-T3/experiments/exp1/f03Only/seed44/results.json,no-rail,T3,44,[2604]
/home/vergil/.jiuwenswarm/agent/workspace/workspace/v5-adversarial-T3/experiments/exp1/f04Only/seed42/results.json,no-rail,T3,42,[2492]
/home/vergil/.jiuwenswarm/agent/workspace/workspace/v5-adversarial-T3/experiments/exp1/f04Only/seed43/results.json,no-rail,T3,43,[2292]
/home/vergil/.jiuwenswarm/agent/workspace/workspace/v5-adversarial-T3/experiments/exp1/f04Only/seed44/results.json,no-rail,T3,44,[2319]
/home/vergil/.jiuwenswarm/agent/workspace/workspace/v5-adversarial-T3/experiments/exp1/full-rail/seed42/results.json,no-rail,T3,42,[3161]
/home/vergil/.jiuwenswarm/agent/workspace/workspace/v5-adversarial-T3/experiments/exp1/full-rail/seed43/results.json,no-rail,T3,43,[3159]
/home/vergil/.jiuwenswarm/agent/workspace/workspace/v5-adversarial-T3/experiments/exp1/full-rail/seed44/results.json,no-rail,T3,44,[3033]
/home/vergil/.jiuwenswarm/agent/workspace/workspace/v5-adversarial-T3/experiments/exp1/no-rail/seed42/results.json,no-rail,T3,42,[2300]
/home/vergil/.jiuwenswarm/agent/workspace/workspace/v5-adversarial-T3/experiments/exp1/no-rail/seed43/results.json,no-rail,T3,43,[2215]
/home/vergil/.jiuwenswarm/agent/workspace/workspace/v5-adversarial-T3/experiments/exp1/no-rail/seed44/results.json,no-rail,T3,44,[3200]
/home/vergil/.jiuwenswarm/agent/workspace/workspace/v5-adversarial-T3/experiments/exp1/promptOnly/seed42/results.json,no-rail,T3,42,[2100]
/home/vergil/.jiuwenswarm/agent/workspace/workspace/v5-adversarial-T3/experiments/exp1/promptOnly/seed43/results.json,no-rail,T3,43,[2280]
/home/vergil/.jiuwenswarm/agent/workspace/workspace/v5-adversarial-T3/experiments/exp1/promptOnly/seed44/results.json,no-rail,T3,44,[2212]
